first_name,last_name,email,username,password
Lorianne,Nottle,lnottle0@wp.com,lnottle0,VrQpmk
Cleopatra,Melhuish,cmelhuish1@sphinn.com,cmelhuish1,aBWHOF7Vsoe
Juditha,Cashin,jcashin2@google.it,jcashin2,knliqeYs
Missie,Kira,mkira3@joomla.org,mkira3,htVrh7Tiq8tV
Major,Searjeant,msearjeant4@reuters.com,msearjeant4,OkOWTAfm
Guss,Graeber,ggraeber5@noaa.gov,ggraeber5,0nSQPF
Minni,Grouse,mgrouse6@symantec.com,mgrouse6,ObTKyUgn0qFv
Geordie,Eagland,geagland7@wix.com,geagland7,jp1ZCl
Haslett,Waylen,hwaylen8@youtu.be,hwaylen8,pTJiF6yUvRP
Nikki,Hance,nhance9@jugem.jp,nhance9,gm6AWQ
